Files;Md5;~
.\\Data\Map\world_01.mcl;B5865AAAFB570F68DCA4C6326587E939;
.\\Data\Map\world_02.mcl;7C72115A280F2988C0FA064CC48068B0;
.\\Data\Map\world_03.mcl;746E273A56440036E201379A663ABA12;
.\\Data\Map\world_04.mcl;86E28DBBCF5836C3313BBBFC1CE195C9;
.\\Data\Map\world_05.mcl;CC95E94B7AA09C6BA45226FEDF59081A;
.\\Data\Map\world_06.mcl;A13256422B318BEA0AA463E262026604;
.\\Data\Map\world_07.mcl;F5A86A80486BB71BF3760BFAE54491DA;
.\\Data\Map\world_08.mcl;5785D04ADF12134FDF3E239B251A76D5;
.\\Data\Map\world_09.mcl;B2448494EADE19B1749DC2DDE7C0C93A;
.\\Data\Map\world_10.mcl;A8F748F352C663659E476F82BD40A934;
.\\Data\Map\world_11.mcl;9633D008D297B1D4BBDBB162D019F32C;
.\\Data\Map\world_13.mcl;9BD4B3905BBE1EA97C6D0135B1341E07;
.\\Data\Map\world_14.mcl;2FF678299686766E28FE664AC54586F1;
.\\Data\Map\world_15.mcl;BA1906131FDE7AF8A9A9874100E35458;
.\\Data\Map\world_16.mcl;77EFB34064E218864FA890708ED34344;
.\\Data\Map\world_19.mcl;7712480B042748CBAE1714970C081760;
.\\Data\Map\world_20.mcl;4EDDB3A7B463592493EAE9CEC97FFE03;
.\\Data\Map\world_23.mcl;F722EF4E58FF59A9B51E113E21538312;
.\\Data\Map\world_24.mcl;EBADED3801D7E261C30F9E2511639877;
.\\Data\Map\world_25.mcl;381133DC56D9E991A45E7BFD0E9C1229;
.\\Data\Map\world_26.mcl;E576DB072705B45AA41ABCDE7A570D38;
.\\Data\Map\world_28.mcl;0D3BDC4B086DC1606C82B884B4668A3D;
.\\Data\Map\world_29.mcl;8DC89C6E848A909D26D78FA8AC27222D;
.\\Data\Map\world_30.mcl;54FF652358F47E30000C8DD7CE054CF3;
.\\Data\Map\world_32.mcl;17A4B93B017FE38180652866BD7388C7;
.\\Data\Map\world_33.mcl;AA8B7BE0EC5CBB2052D9DA938C0A946D;
.\\Data\Map\world_34.mcl;014D0971BA0191356EAC28CF25A8FD64;
.\\Data\Map\world_35.mcl;9950142E39FDEC9A4B53EA13F62EC43D;
.\\Data\Map\world_36.mcl;C420341B2CF51BBDFE737FC713F824E3;
.\\Data\Map\world_38.mcl;FBEEF1C496A41ACF6D7C91C7E781F7B3;
.\\Data\Map\world_39.mcl;1B6B11E18130677F54A0660BCB775615;
.\\Data\Map\world_40.mcl;13AF7A519641DEFE1A5C435FB0F8A0EA;
.\\Data\Map\world_41.mcl;1654A25D6AE608D7D20309476B2A9D01;
.\\Data\Map\world_42.mcl;6871A23FCE7C4A6DCE097F2A73676315;
.\\Data\Map\world_43.mcl;00A1051FAF075998FFFFE20D39A08E6C;
.\\Data\Map\world_44.mcl;6D91031884E99FC93DEBA0A06790C2E4;
.\\Data\Map\world_48.mcl;553C8C9334D33948ACEA7C6DEC26CD4B;
.\\Data\Map\world_50.mcl;E38F80C2F733C2754039F743A171FAD2;
.\\Data\Map\world_51.mcl;B318CD86B7617773A8B1FFE1CEDEA5BF;
.\\Data\Map\world_52.mcl;42B4BC721A01FEEC987EEFC2FDE90055;
.\\Data\Map\world_53.mcl;BDE6A77C770274C23F846180868998A4;
.\\Data\Map\world_54.mcl;C03537453BBAD83B0DBE58FD9FDAA35A;
.\\Data\Map\world_56.mcl;FB77EEE45E10C08D53AB100876CBF207;
.\\Data\Map\world_57.mcl;999F61DB8DAF772B6076578E4D619E1D;
.\\Data\Map\world_58(Worldcup).mcl;CC7704C1B81104743CA19B46DD5BAF8D;
.\\Data\Map\world_58.mcl;CC7704C1B81104743CA19B46DD5BAF8D;
.\\Data\Map\world_59.mcl;444F9FD5AB06A4C704994E11709B38F7;
.\\Data\Map\world_60.mcl;4C3EEAFEC47D88CD4DFACA483ABE4EC3;
.\\Data\Map\world_61.mcl;B7574E9A6F73355DC37BAA8D78BD1C45;
.\\Data\Map\world_62.mcl;D90B2E23DCC8CFEE2CB726280B21E1BF;
.\\Data\Map\world_63.mcl;620C243DBE4E98BE7C4D2C031A961464;
.\\Data\Map\world_64.mcl;63001EA9DFADD29837CE9EDEA14C2B68;
.\\Data\Map\world_65.mcl;BD4EF0643AB25682CFECB25758D2BDDD;
.\\Data\Map\world_66.mcl;4C03378547E7885329503360E4D2FEDF;
.\\Data\Map\world_67.mcl;465B149ABCC923CF5C110111339A21BB;
.\\Data\Map\world_68.mcl;C911329AD9B8E2EB47AFDA6ACAA9DA60;
.\\Data\Map\world_69.mcl;20A4A8A6FA2673E93CD49538AD6E3FB9;
.\\Data\Map\world_72.mcl;54046C6A243C7BDB7D68392BF84345A1;
